{
  "hash": "3784fc2a",
  "configHash": "85b1a55e",
  "lockfileHash": "4ac26bca",
  "browserHash": "576e628f",
  "optimized": {
    "@angular/common": {
      "src": "../../../../../node_modules/@angular/common/fesm2022/common.mjs",
      "file": "@angular_common.js",
      "fileHash": "ab265200",
      "needsInterop": false
    },
    "@angular/common/http": {
      "src": "../../../../../node_modules/@angular/common/fesm2022/http.mjs",
      "file": "@angular_common_http.js",
      "fileHash": "67e8abf2",
      "needsInterop": false
    },
    "@angular/core": {
      "src": "../../../../../node_modules/@angular/core/fesm2022/core.mjs",
      "file": "@angular_core.js",
      "fileHash": "ca70fe97",
      "needsInterop": false
    },
    "@angular/forms": {
      "src": "../../../../../node_modules/@angular/forms/fesm2022/forms.mjs",
      "file": "@angular_forms.js",
      "fileHash": "66678d90",
      "needsInterop": false
    },
    "@angular/platform-browser": {
      "src": "../../../../../node_modules/@angular/platform-browser/fesm2022/platform-browser.mjs",
      "file": "@angular_platform-browser.js",
      "fileHash": "d4486860",
      "needsInterop": false
    },
    "@angular/platform-browser/animations": {
      "src": "../../../../../node_modules/@angular/platform-browser/fesm2022/animations.mjs",
      "file": "@angular_platform-browser_animations.js",
      "fileHash": "f0c88755",
      "needsInterop": false
    },
    "@angular/router": {
      "src": "../../../../../node_modules/@angular/router/fesm2022/router.mjs",
      "file": "@angular_router.js",
      "fileHash": "2f254307",
      "needsInterop": false
    }
  },
  "chunks": {
    "chunk-I5CGGH7T": {
      "file": "chunk-I5CGGH7T.js"
    },
    "chunk-VWVLBVPE": {
      "file": "chunk-VWVLBVPE.js"
    },
    "chunk-GTUCESPA": {
      "file": "chunk-GTUCESPA.js"
    },
    "chunk-3W2WHAOB": {
      "file": "chunk-3W2WHAOB.js"
    }
  }
}